0,1,2
6.927207179926206,2.092521281628705,-0.35166167582309965
3.396359268286267,0.8808784466451364,-0.7917327228724833
-3.687346797574735,-7.675960194287394,-0.43741722393489474
-7.450845861930972,-0.8780646240898706,-0.246965069943952
6.9524619519826185,2.4412852573441715,-0.0240207038348979
8.521678533777,-2.290559128049136,-1.0530741358641658
7.3250875433480696,5.0314443562606606,-0.8784822508684283
4.622732208895953,3.321883012851422,0.617423240294583
-9.874696366336124,3.531199135835584,-0.14135572244246244
1.4364371809041736,-0.9812131753775921,1.6087150343791665
6.363925532560047,6.008508860290728,-0.8129575099218787
4.05872477600142,5.299603330002251,0.6155716185577877
-7.276682403757097,-1.2326951468381955,-0.34510549021545267
7.1508585496369985,4.460791056729646,-0.6198651945402968
4.08387148593326,0.9600381706936174,1.0031518587015316
4.470812995241461,1.945790104876178,0.7718884788464165
-7.582777987528029,-0.3163563530029388,-0.19472851671299163
-10.343230870044717,4.365438058792986,-0.1303117475067575
-3.7779654347694995,2.322131110218581,1.4961331472448487
7.801953685832428,1.3000194906078295,-0.2016586397484295
6.942560560258388,1.6291377875084196,0.05661539854198644
7.4386394621032945,4.421899769913264,-0.7786841620997087
1.9941604591896824,-1.7772312480863055,1.607060053550052
10.272991509287445,-4.187178080875902,-0.11047023158228123
5.530385633127523,-0.1907501087439085,0.726266764199156
5.094164545057554,0.5608055832704476,0.6811655031607348
-7.530020999536301,-0.7329160416947381,-0.2952872788731388
-1.354843476295309,-7.411892042827428,-0.5531551934014428
-9.922870810621381,3.635822700887652,-0.16005498176281052
-2.5885243553181683,-1.4948994463460854,1.094477700298755
7.380790854416014,2.237653766640004,-0.5508971028512492
7.36870462542927,0.8233472594128669,0.2271187890323414
-9.027451373738765,2.0015828368125157,-0.2337400268729188
6.589692675829226,2.7913580305809456,0.04525656891803149
1.2525063598650774,-1.848808583793509,1.8056288122963542
8.214386166453963,1.5610811765323225,-0.6144062422481749
-1.19213846041292,-1.9129784352832078,-0.6077121690524848
-7.630522798315625,-0.5115945446945256,-0.2218904358140036
-2.7182794181647507,-1.960186837646264,0.9047531605594035
-7.688463386863848,-0.3968669982840153,-0.2832609540393256
-5.47479384551143,-4.405990865400454,-0.347464949840702
7.732464487601144,1.989553356096083,-0.2227591952175483
-1.7295783558517104,0.2377164492088963,0.5833859578219357
-8.96692290212408,1.9463549671745788,-0.24175391567495239
-1.6434136898657588,1.353595275265507,-0.5583665539280523
-9.493378516752326,2.8311407312412697,-0.23976908389362375
8.644035126885884,-1.6946063419543462,0.18778192717053935
-4.718595747436506,-5.697961528679474,-0.3999511524547485
8.602632496697678,-2.6253857098683873,0.07139332547483163
-6.541973750781603,-2.5370898183437607,-0.3105558214141845
0.07380036646949008,-3.679378609922677,-0.636128435281588
6.93285395547862,1.2568438847830117,0.3394012751068945
7.7117748006792155,2.5246187643127826,-0.4100970164530037
6.813213088599513,5.529065404914827,-0.7547442691240838
7.868597081546556,-0.11491205111498598,0.2754214212021682
-7.4693069617729435,-0.761577006663737,-0.2696571598862043
6.375385898378829,3.631293532209036,-0.1573263589570233
-1.3039563179252152,2.0493546923130905,-0.5688255115309437
-4.0843111067936775,1.158474589831486,1.2040339716686552
4.078763717207736,5.635932501320939,-0.22384246772955196
-1.1591144264543554,-1.8095063041934292,1.3545581243308085
-2.3591610918983013,1.5706216046822186,-0.5311125558707898
-7.316017129225029,-1.0755299658413395,-0.2615421254472481
0.257972464125065,-3.056907682608907,1.61617030977742
9.662124247827068,-2.522497379439519,-0.23405971798808722
-9.793157529165606,3.395573607901166,-0.17495085186797657
0.9646814698123428,3.299777140532366,-0.6727205211607143
5.643409577176238,3.3043202038312907,0.4652113318461925
9.193073111864292,0.1868296651177754,-0.5881936449578536
6.21809678970077,0.7140896996875165,0.4625924555594959
7.250888514779622,0.6079358904362354,0.2656770648198107
-4.837659858700819,3.1449677414934216,1.2754838955638648
-8.482975390086933,1.002469585641885,-0.2245556449837144
9.237101038488829,0.819102692039482,-0.7538824511349295
6.350177484652399,3.8715495212483737,-0.1175575152794697
-8.172401842742277,0.4106854966810414,-0.2436889075104987
1.388643867740258,-2.3112589785676696,1.8695691793959806
7.953719845602123,-0.6436892503052979,0.3111281384130299
-8.117949529247909,0.3378159818641411,-0.2545033429237228
2.685050422553338,4.410214616673456,-0.7800654286269143
-4.973753248608305,-0.042118564562222786,0.11630305642037152
9.264696035624443,-1.0403253959299332,-0.32240671644296837
8.497134474920854,0.1299011102595318,-0.30276687752609605
-9.206208517281219,2.312020891284619,-0.1952536007441301
6.896915104763626,1.6239957430332985,0.2446631590351695
3.587741340955687,-7.479834375229573,1.7391918126672168
-4.708937273110104,-4.6576530065944395,-0.23697165213145527
10.568062289902764,-4.525011961580187,-0.027946830714980175
5.9313148832992715,1.9262232908989898,0.3344618729866562
8.189766572281309,0.15114092525294615,-0.03185655962452284
8.885378542248862,-2.051264063330602,0.19443043915789168
-0.09899217660818507,-2.816420308245712,1.3706609304123984
-4.782388726419392,-5.678797661384115,-0.4002953428556144
7.423542595231494,0.12544219906599688,0.2168179248957545
4.0535444462826185,-0.489455624321245,0.9931958071705607
-8.252962829858019,0.6411956782047997,-0.24073995442513632
-0.19709593972767897,1.4674619103066948,1.8140918440001497
-6.262997210670984,-1.2641119935087435,-0.03616530593264271
-8.447090249749724,0.9604702106142655,-0.2035650051538338
-3.573739418054285,2.9686348559777973,-0.4922168332351868
11.02977752184997,-4.302782537991319,-0.2975124967809072
9.954625910538368,-0.005752274237991949,-0.9481248332861061
-4.770042781934552,-2.8098064317165616,0.20700374322441395
-7.195862547184222,-1.3620410794298607,-0.30404158423086086
9.628481305062543,-0.17557958945250202,-0.6942869200649513
-8.067298941149652,0.28295205098444853,-0.21973460852477908
-0.5026028347178384,-7.020762154262023,0.5175637069668911
11.024069477968478,-3.0199564515071406,-0.7232850389497975
7.996856856955083,1.2779018775644133,-0.2786106995358239
-5.829447508528957,-3.779506464320498,-0.35412939253776815
-8.6230935569201,1.2574180447030185,-0.29266509323734036
1.3935251156580635,-3.915316929361245,1.784443756265826
8.075176172195265,1.1588354690660976,-0.2361214865474037
-0.05745683846527567,0.41681708111171756,1.9093642995850064
3.501447438437172,1.0481512639660824,1.077993188859152
-8.292121550848357,0.695710210885456,-0.22771264624325785
-7.608286731362263,-0.6038391998669157,-0.3510548473057756
-8.096789759558142,0.3111603907026144,-0.22371977071039617
-4.279036165011995,0.5645687541322125,0.999837263121208
5.707708372493032,1.886459685631424,0.5500955015761843
7.34576554140469,-1.4108935128928006,0.4109772327673851
-9.108463128689651,2.1064139948884897,-0.22494717013189447
6.595471847509279,3.3701868105919366,-0.06690413554575939
-7.974928113430917,0.10214529768839345,-0.2116275516243565
5.4034712212883695,-1.1729034705757675,0.3560552661329166
-2.568168688578756,-2.1603690778201066,0.9127971978839569
-9.557995643267619,2.9355271032014145,-0.18447495642188863
-6.204451924627126,-3.133675965795745,-0.4183175130839527
-5.543683379538831,-4.275031533496583,-0.37112205871538656
-7.560726253055802,-0.638557359180318,-0.22925226789275716
-2.689837189298435,1.7780078805730137,-0.5046849934421307
-8.555819218186539,1.1301631489547752,-0.1988342199575864
11.417074939687524,-2.233879193477229,-1.0857477061576806
10.00583465359217,-2.6886648659755115,-0.3198059999051111
-7.465337810192053,-0.8867909371742667,-0.31624322888545436
9.18109590640859,-0.28298912447520463,-0.5112863726693901
-1.6778595749255476,-4.132345446659225,-0.6323945916143331
-6.166043189087395,-3.148725692535908,-0.3746100138080771
-5.757132270835934,2.9093273092085075,1.0337272462562748
9.846226231750144,-3.951864426205966,0.001204141628279878
11.697118246422972,-6.263673406411371,-0.7154329261923777
-9.23188042438864,2.381090040477344,-0.20354316555070237
10.878019540902981,-3.207347659747742,-0.5974024590428363
11.165235665236105,-2.8543683675005083,-0.8818361214979917
10.798503434394052,-3.1233787043672505,-0.560206022072598
-6.153177916740872,-3.1211218893633057,-0.3276497457597486
-9.633188658650116,3.066754163421006,-0.20538875992492348
-7.129603033144728,-1.3908219480340742,-0.2922039224340737
-7.195887914965844,-1.2264470084462993,-0.2676853627611605
-5.966335134156405,-1.8188976012693305,-0.36906456775093427
6.107943485990217,-1.6646498885785446,-0.9401192590463467
-7.073946451140625,-1.5163900483548494,-0.29341381028529034
-2.4209003103812003,-2.824110367482165,0.9340583697409603
-7.584789624757785,-0.6110292126185825,-0.326033915134042
6.93283239427249,4.782733233931611,-0.7663564250760626
-1.578731703994806,-7.7531047491712215,0.11234751945912709
5.160389083240486,1.3668158613035948,-0.8436586074801641
-7.321669159643452,-1.0501855798283677,-0.2999537243380562
-6.377919725927684,-2.842559265240655,-0.3654726173508317
6.529843927002866,5.271718454760758,-0.6051717218920029
-1.1619004864767484,1.0115742078498402,1.7335426270712435
-9.450625557645163,2.7288040950108416,-0.252918796521508
10.662832644751635,-2.8010475044487877,-0.583579835191936
-8.571071716640239,1.16711963907864,-0.1843171462675388
-5.037537897330252,-5.175554681113719,-0.3753721765535006
11.082163629118254,-2.140062360826262,-0.9257337116693433
5.64142550094493,5.256458500933891,-0.1240242039759996
-8.641520934504541,1.2777554465171237,-0.25160141561057897
0.09217044599593611,0.27608066717473057,-0.6434377755289256
-8.434408100341207,0.9221112254412577,-0.20659495135293912
-1.6854458891694488,2.7827069254106895,1.9568917410276567
-5.6969612003350445,3.9464239193053263,-0.38263584199910716
-8.335204522207428,1.3299043111360036,-0.19146030578796375
-3.0408486429096273,5.497731547935852,1.8677331367958563
5.328343567406602,2.164301405546675,0.5640368227851723
-9.118448540158333,2.2081787456408035,-0.2215590923559109
-4.027465530454515,-6.99303386482081,-0.46539078059399613
0.7081769962753661,1.7926237242208682,1.5784624457722942
1.4919026992809856,-4.744829938412818,1.691849549347931
-1.9482939670872643,2.6704275229372096,-0.5648052891855878
10.426068298568921,-1.4369958128205822,-0.8202912529163198
-8.036455750761052,0.21995245505571456,-0.21374754889256017
9.827825872432731,-0.655746617153127,-0.7305090862754617
-7.17889468368237,-1.373341366433644,-0.29390101150365433
1.7579605969973233,-1.7068416925041598,-0.7472528498206402
7.069544948086506,3.9978982728318213,-0.46792679044097973
-7.855918568585145,-0.09735422069043509,-0.22044077230691872
5.8739040316520414,3.971125187153266,0.16314050799274307
5.201832022258673,0.8300195957617897,-0.44936126687302635
-8.315105336070895,1.4830280066546417,-0.20296217229123398
0.4394600061518313,0.061313453074639764,1.8229747299569032
-6.0081098976603755,-3.435245743147797,-0.3524643843430092
-5.128927564010161,-5.0052425837174495,-0.35378511281699104
-5.445262959026012,-4.484730783410812,-0.41088332555469886
8.089719339535543,2.4019010271252443,-0.5526084582819281
-2.6194064107647326,0.2834139327195769,1.4308882131188192
-5.26055624301849,-4.884448037812718,-0.39587810935835815
-3.246568712059208,-2.0809525235642257,0.7380783873557496
-6.544951597654828,-2.499978148518909,-0.317985451511778
7.624003269098511,3.1209543214252924,-0.6021528418830028
-6.006826940732065,-2.1718903773504445,-0.3776991932058609
-6.557396894293219,-2.4582373024656876,-0.31555613088622086
6.947280960243108,3.3874376312653864,-0.2695691242909933
0.619994350941101,-0.9646844677166987,1.816243425469956
-8.90401727465656,1.7683310556258465,-0.16634729633005957
7.371758627034792,-0.521270023979485,0.478030580723876
6.284863162238807,5.097849226672801,-0.4031941592824668
5.908790089083864,3.4337295125748537,0.3473557800376004
-9.430620028477215,2.761800439588028,-0.15238602598447853
0.22005746055917377,2.6364868399616888,-0.6674026806118813
-10.116715476105842,4.0056549799989405,-0.13546027442178168
5.431013602225543,3.494890715486544,0.5238226986395942
5.37350560099034,3.2351899221352274,0.43165086772626965
-3.474704240469773,5.748335208362868,2.073085951276491
8.074498080697103,2.3176529974726767,-0.5476790023429787
8.677824481705379,-3.4740974734669474,0.389705910734072
-1.3959902131194124,3.0298589920351056,-0.5377788614457272
-8.33454742405518,0.7529249914956966,-0.22074721240089282
-6.642136784904035,3.7359964610347616,-0.3466807516481615
10.545340558181318,-2.7275121293630002,-0.5036238420181168
12.32720710608477,-6.1518909145051826,-0.5391097627038551
-6.452450288006757,-2.647441024190917,-0.29367409400254335
6.852665976491991,2.1760895161277345,0.11620653053518191
8.04695535584462,-0.6545182142981975,0.27913467263548464
-6.956324638636567,-1.7474291673608646,-0.2730046368435263
-6.2567233300403275,0.5618274991717068,-0.3793065481727477
9.90882769172749,-0.49246096680852774,-0.8298182710582642
-6.891989694170329,-1.9176990273139103,-0.28675377796247675
8.414281810386035,-1.5718731645182062,0.25703877980617995
-5.402906073069247,-2.1125677983680404,0.18284867671237393
4.036924593535607,4.892918278410481,0.6206019310832839
-8.55433621950062,3.888695158017893,-0.2544980935224177
-5.324377008338137,-4.7035186036064855,-0.34086504284889935
7.871849172512177,2.268879801514573,-0.4170163948655567
4.563727854610169,-1.4382761149885503,1.059923187922673
-4.071942105672199,-3.301974169442874,0.20344039624937565
-8.683819100728144,1.3879177020243396,-0.17316927306120192
-8.335879667167909,0.7478136838211388,-0.26752383348163555
-9.105883755825314,2.096077132087192,-0.23916536199242003
-10.99389128617029,5.573745664116623,-0.0700383503153681
7.788986158875864,2.8742806598374195,-0.538553450990054
7.771387114804354,3.492256292300137,-0.7465448350083567
-7.788494559043979,2.2251075666898,0.17941737580134515
11.287776321365957,-6.200440497633707,0.0008545169769247838
2.402276314384344,-2.274968576971496,1.5356151037251882
6.578936094084979,-1.4940233215158831,0.5701772609450473
-5.725493913172984,-3.9367654528962324,-0.3517952796461767
8.290364053500053,1.1923651603107368,-0.4461349291693442
-4.382686771100088,-0.250177163823774,0.6829588678206584
-7.141729184982693,-1.4138736418847282,-0.2824450769994346
9.925882762812389,-0.9433586586817434,-0.6343066471324766
-8.963410069605429,1.8797379372734468,-0.23561551616867213
9.074402047135548,0.07846136396621271,-0.46178076838735715
-6.992181403254556,-1.6307009896601516,-0.2659415627155597
-0.1887791937299336,-1.414470083829812,-0.64590145358954
7.565690982998198,2.392746485867609,-0.3623744748976407
7.141511282490174,4.267985270822063,-0.7382811050759756
6.978452970127421,5.721295705211278,-0.8864053150753325
6.52528556679054,1.9102351032148355,0.3628870528338177
2.1887860662017573,-1.2473883110477495,1.4722255137613105
-7.818293702730437,-0.22695303310617335,-0.25347401507033135
-8.558831364794653,1.1355458752117253,-0.22477836813759833
3.652855239394841,5.3004409693681485,0.6233805019881907
8.119020184548615,1.6346825687528606,-0.44809112810885093
8.596263126012692,0.032999032063653226,-0.22365002599801753
-4.476433382438712,-6.145343184146771,-0.45360739693860397
-4.9417001722514735,0.5468886883972173,0.6347867900341001
7.430155515676882,-1.2487379291170007,0.4814455799686483
-5.710222782873338,-3.9863702128551686,-0.34841299675539056
7.647221667087329,-3.2376638869011796,0.4489012811569478
0.5553885251399262,-1.9988910631075019,1.8811398501109298
6.193267419822476,2.7851933728502067,0.35563305860071187
-6.682564168055068,-0.5686025599265787,-0.025441641783311042
-8.00029137425275,0.16098088157889218,-0.1969832177054431
-8.449924611986784,0.9640954369308168,-0.1998076836184593
-0.7672745381664434,2.0185286803520377,1.806142921430981
-7.511653816436358,-0.7556811183791184,-0.30933796596397567
-8.110245711103893,0.36128654157252316,-0.24292259281817216
0.636131522002392,1.5211549504381272,-0.6449720270527878
8.030829033377909,-2.576172054041493,0.4628795578108691
-7.8379532400176535,-0.16064152651929978,-0.26146789728215
9.405598222326644,0.2365812189663204,-0.6906466130639578
-7.709955078859607,-0.3592214163832416,-0.27402784316477086
-10.556945546465053,4.7633959151621,-0.10443585567046347
-5.637418143017982,-4.085432725588684,-0.3378576197217332
8.107809188399449,3.6790268189182136,-0.8987315271473869
8.1116020361856,-1.8796150008387376,0.39801312095698355
9.83686832791429,-1.49332230714744,-0.4691842576001164
7.228513964616383,-1.493483032829403,0.4537531088373653
-0.45087619525000716,0.16587542046345974,1.930109139347693
-5.946758490543859,-3.5897697247078697,-0.40443793678688106
9.15783189892981,1.3121900212649678,-0.8324878116140867
8.166961955415307,-3.1151734942146625,0.4182786189886722
-9.156180971380312,2.234332010133376,-0.16768999342572308
2.767881964727518,6.801848242134211,0.6829657151998086
9.85726747119111,-0.027539598989276826,-0.8610128577272882
-6.40457462459763,-0.8527223644100005,0.07746564568760214
9.288530295875876,-1.9215606999194337,-0.006233268184778044
1.1906711617842771,-2.1965962610666767,-0.6986529625564786
-9.063478630247696,2.0343299490690363,-0.2484592690490792
-4.194309948299145,-4.849507728735237,-0.44575639057042266
-7.519368197588689,-0.7255741249981905,-0.2475514587666271
0.14435019326588852,4.682204073990848,-0.6409580858203175
9.173574729958789,-2.009153405056871,0.005079473244652078
-5.3750827277722895,-4.632530906692892,-0.3816546682494852
7.7025572156389535,3.5574625182920676,-0.7187481346676103
-7.9571243703944115,0.19644114354982853,-0.2687211149529092
-7.382753579401449,0.24994233310164307,-0.32818297236983063
6.727894396854528,3.224397046489491,-0.16781941993283897
-6.382073143443666,-2.807653759140989,-0.388999955858432
10.245476645150323,-1.0291229653025324,-0.7579246088561348
-4.866378069391487,-1.1434799714612165,-0.43194187744547724
7.752822226891488,1.5801384657176707,-0.19514793332219305
-6.585233462505921,-2.4266578024658094,-0.30035336245197386
-9.673799978015285,3.126197933675559,-0.22064986801094097
6.372939081002442,-6.849117608298594,1.139786298556353
-5.9288486121224215,-3.574240478181783,-0.3654766073233645
0.9373843080056451,-3.828445483685014,-0.7218949365920249
-7.542624436628337,-0.6831735379226576,-0.22246961016298325
5.155422507027569,4.625911543738427,0.34521649787726205
7.5029170112793375,-0.13062504717067733,0.2805291251293904
5.926889034508058,2.8028918192000116,0.4040790721059167
-6.43430487060994,-2.6064949388464598,-0.30337317528623914
7.148604821343104,-0.8463662332987395,0.44428926879374436
6.872633762409642,3.7095017330325817,-0.5615178543426045
-5.808455832165843,-1.305806555928011,0.16465152184738463
8.819184908232554,1.3910792322234204,-0.7476881677045474
7.9773848069969295,-0.31234893444363865,0.21960306001635915
9.978362516154796,0.07081669319164109,-0.9335406322086081
7.037344492116705,1.9532281051621536,-0.2450342107794565
5.647395637536233,3.4468709655944836,0.5039670960775774
2.8132235842120084,4.745569871315656,0.8207371596253084
-6.868431441445951,-1.9660618757625938,-0.374874141366247
-1.8592746127865485,0.8624925636600271,-0.5352254492188682
3.8989454829498316,4.525637497400881,0.6259286752522073
-10.34148115690588,4.401952517549235,-0.09511178328152092
-7.165714420646409,1.1858504320171142,-0.30483812800531457
-7.311447437355888,-1.1161265244582836,-0.284608023373065
3.692735037587282,9.355227501044812,-0.14816644774489507
-8.303583889360903,0.7115553702860923,-0.24213366385820148
8.815320456943288,1.9126390981264938,-1.0425831935424228
1.041323384031992,-5.434943957414821,1.4632396282942468
-7.997387363319922,0.12454813087391363,-0.2682173327231907
5.850676188140274,1.5042009456214673,0.5670471635905442
7.426270603959992,-2.863495355838527,0.5183943653649669
-4.69179612907714,-2.8339588101884896,0.17424037247943674
12.922864158105746,-6.433066905195887,-0.8064026507245916
-1.548732984093258,-1.3357222148671453,1.4636299407712834
10.775020281335042,-6.328673438955617,0.13550077507672514
5.873204002654191,4.5600486156796425,-0.881184363277751
-3.140212951243154,-2.023646306793824,0.8622940228310677
-8.00361519374531,0.18329594223696422,-0.2359531732117981
-7.8543490391525586,-0.11625195428063284,-0.21462349192043315
2.174286282891561,4.139409830943298,1.040762805384635
4.791012318943909,3.767576821049139,0.5747071492865826
-7.776848286927232,-0.05806828813903679,-0.19043062394288057
-2.1038516568903183,-3.3824882567712686,-0.4862512083188283
3.2557848020446314,-6.189653870784281,-0.797654521444971
-1.6914296064984597,2.4112177101410928,1.9697425294917716
-5.062578084361869,-5.19507703765006,-0.3923315299094895
-6.651345923894108,5.194190181125316,-0.3377983945923937
-0.8278188992728837,-0.16414187522907656,1.9000556779195237
6.332481212386608,1.8672322734268252,-0.32306111441674623
-6.371513257129628,-2.831279563056533,-0.288411543697725
2.4710904153344164,1.9631260449148413,1.2272524054583822
-8.160474126624104,0.9873309837632731,-0.1623379153148893
-6.89332954353938,-1.8390855712435226,-0.270595153267708
6.827675214291301,-1.134345390660941,0.5209574584589112
-8.268529834862559,0.5673726173889875,-0.2821829251661333
-9.286663859175949,2.487988022748816,-0.17544839330025422
9.331125268582882,1.2551247797562233,-0.9363792892463472
-5.680802342685923,-4.032999903256578,-0.3707415932601982
-9.5354179675215,2.8955547788998275,-0.15953927010194918
-6.405270365999942,-2.7688765842414362,-0.3068820863643916
-6.804831954438397,-2.003862038631712,-0.32195721737120764
6.959780118609421,4.273101887868602,-0.45593025260204756
9.328702095719054,-0.6267715870237645,-0.4102807616741707
11.564511741870048,-3.573362886116182,-0.8376973807136531
3.9643511561894784,3.791637718680654,0.6721572141711385
3.6428120769561976,3.4746346204655723,0.7604194380441078
-1.9504198094624645,2.8216618160287084,-0.5575228125552606
-7.836916064925251,-0.1500610306815525,-0.27469137489525114
-2.390876508305126,-0.542804920314549,0.42585119556526224
-7.544804615593509,-0.7039070708536043,-0.29986553804232263
-7.281689988381267,1.6345780402596224,-0.34729059463090656
-5.469517508354447,-4.462546615742738,-0.4291569409724913
-6.1954646556692685,-1.4723737415937004,-0.003091947257638736
7.084842700410805,-1.3678522851668289,-0.9850097847041952
-7.625031344900148,-0.5464217242586238,-0.23818860284574314
-4.584626913561547,-2.985455708573879,0.2029764992856799
-8.06189743774582,0.3078756587300214,-0.26042513515003574
-9.38808224265156,2.6446435142074454,-0.15615270313908003
-0.430930635925476,-0.10715206371040538,1.9197691435204172
2.5712840920758384,-2.0610867797815664,0.8932798014175658
-9.456476834630797,3.2074553541842956,-0.07709560116840052
5.470087689371535,3.288056572046826,0.5393886984073508
-9.538221549745405,2.9016647795871595,-0.1581361844173727
-5.959153774867801,-3.589934758335873,-0.3904113153657988
-8.516371531154183,2.1617969530471,0.0388572759787428
6.5592840790901725,-1.1935770234323058,0.5322088693053451
-7.225496340543827,-1.2575258516573429,-0.28029187038282083
1.117007265047131,-4.5209938659564095,-0.6809178849481863
-7.102953191180297,-1.4203733897952373,-0.2789702774036939
8.371679133392524,-0.07395408779582212,-0.07547848162790767
8.64422766255284,0.8666082605191434,-0.5260888172750893
6.370004775526689,1.7691578498006555,0.4826610722521334
-8.191305641719499,0.47789437555723796,-0.23036197749311682
6.1861275251634185,3.254905774715106,0.1979765185139907
-8.249851942196177,2.208645732529208,0.03557938868936889
-6.2053323105934926,-3.137650374041743,-0.33330752979436995
3.6505173693585853,0.5988604190918789,-0.8166715468526414
9.047492381443012,-2.596997568398819,0.1523507813108106
7.165378079289097,2.7459888895008606,-0.2148868622320342
4.640696354714564,5.159443798218463,0.27045336068060305
8.323002228145592,-0.9149795961007834,0.19170039102738043
-5.455911109040984,-4.353316208640147,-0.37059318752746767
8.256974671466033,-0.70158850901442,0.1674328281360166
-6.382010069744992,-2.7840432281335,-0.31907117350097014
-7.642561115411126,-0.5674213064372007,-0.2945342763681215
9.202903900155578,-0.4986930239548876,-0.37846006111411334
-0.18943397674299747,-1.1592885010605047,1.8925809932256894
6.506795222658936,3.477979876005804,-0.21310173187447098
-6.284362354861601,5.460562487029615,-0.3545450685253831
-4.136073464297939,2.334417413061856,-0.47984911153828746
7.82312688778077,2.41804389725353,-0.4363062793061047
11.38013282254692,-4.3868195007209,-1.1529719213152922
0.3034340095672009,5.36095568360665,-0.6860941913668754
7.719674348893363,3.589438157838899,-0.7161781055215029
-4.686811546287782,-2.4638656013087896,-0.1091693502552507
6.1218181253730295,0.9999164647039568,0.5256607087441565
-6.089865679859258,-3.2788766146836594,-0.320814136552326
8.595446070852866,1.7485305050451614,-0.8244231110644594
-5.863106780687384,-1.3765114252803405,-0.4082364608342839
-4.954916662462131,-3.368651648591457,-0.06691163722195433
5.8001091600099395,4.4284941000955875,0.03413695861430325
-0.14302321817452127,-1.3061952145776714,0.5927402834463469
6.960391230732585,-0.8193495157099274,0.506618064192575
5.666426289026923,3.3850564650304675,-0.8777328669874463
-2.747514339315196,-3.102791828670946,0.6525433919853834
-3.5140911956080703,-1.7317853631525661,0.6794182686678838
-3.6662272919294594,1.0263465846221371,-0.4914729562178122
3.4451591896639857,1.2903219710809843,0.9071790163667076
7.021232646101101,0.3945826989867054,0.4147129052113271
-8.203622674467066,0.48637597501251656,-0.2194691176113826
5.5822858468922,1.5276460009362298,0.5897640761412323
-5.66911026015487,-4.055962050528765,-0.362860962206077
6.815445241515783,3.120687054168353,-0.1441093673895556
-1.774215583424217,-0.7784124524736515,-0.5933979414838652
-0.6055606509053441,-0.706591195086815,0.537052476287959
-8.940766923645958,1.8813737230573975,-0.19095664050708933
-7.975066658785193,0.08432828964901698,-0.26508432443811697
-8.249973165842844,0.5712392220962297,-0.23411234090532768
-4.61026679530177,4.666915458885806,-0.41428286068225717
-6.580171143873267,-2.430317897155739,-0.3122927701693612
-0.7247543326406428,-0.2076831806878561,1.920890509981805
7.6818103429038045,1.950541583508894,-0.25465861340986307
9.764038125042505,-3.020752802372257,-0.042791158964138494
-2.7732827559293036,5.530610061387039,-0.5163913369325367
-6.171335270427956,4.800013210124277,-0.3863683805467624
-7.75250009418511,1.9775490571937338,0.1760732294099421
-8.550328164901053,1.1405812963285311,-0.22453669194408274
8.52287280931741,-1.8687344088451299,0.33303531924624175
8.633640154329767,-0.05690038654955692,-0.18965084993219009
-6.398329522764933,-2.780561696532866,-0.32027380767231683
-0.28848926609673636,-4.802950491341286,0.9172345916159435
-6.99166744617173,-1.7044635839631508,-0.35399539935175534
3.878037694689827,1.23614574173294,0.9594950001461383
-8.871426600302732,1.73560996407629,-0.19120339665064973
0.3871862275624664,-0.5950666892102706,-0.6660017602958842
-8.960834491391289,1.9037321556638895,-0.18303523229026913
11.227386829345255,-5.147361150069047,-0.3600927464795841
-6.983227859340368,-1.7474049553232902,-0.32256700285300355
5.718791295091835,2.444517401120338,0.13337074116230632
-3.5885481682018865,-0.7978024122319658,-0.44773345938006986
7.789367347449481,3.708971283878293,-0.7863445081880468
-6.959903930899726,1.1040525603797118,0.2021195788770244
-5.295346101130918,-1.855085867901973,0.0953847725314893
4.495136439815469,0.5767232086097657,0.62338906772574
7.63771367057314,3.0094041412862556,-0.5800162626762231
10.082869452726712,-1.7445479048475465,-0.5266464736386101
6.264157680333029,-2.174349254323474,0.719624895922503
-4.922847480913886,-5.446475509535478,-0.42019002411350537
2.2124819597724716,-2.380492772669379,1.637475157580068
7.8085353481572755,-0.6137382556763304,0.27131664995079546
-7.82058274544614,-0.09917342483544915,-0.303786999924686
-9.334068202937532,2.5505451171386815,-0.2003887692425508
-5.2378394355075155,-4.868671003952533,-0.4024051635498244
1.3864285021155782,-0.855018119514274,1.6318312364212848
-8.243395494011711,0.587429790231867,-0.2149409531419107
9.146182091091752,0.7138996449680124,-0.704151807761391
-7.5447710455950405,-0.6575342204427953,-0.27720970023242336
-8.852179087340959,1.6386926287133814,-0.27141942212899234
-10.099263774481056,3.9473450353228143,-0.15098621553736183
-8.379180378238134,0.8492500218334742,-0.2804653178170701
7.374370542916292,2.978960095027879,-0.42284324833762543
4.8152101795244135,3.657425450293474,0.4610444843655294
5.10834452453826,4.946791689460364,0.3226606529827358
-5.7003966910169925,2.6143649833039166,-0.3868310770560946
-3.4310257439611,-8.0261689477905,-0.4776117416815144
7.770158581483469,-1.0039425786971996,0.4205192415930514
8.300696093282554,-1.4010827095884744,0.32979239136501354
-5.802747283326508,2.343520187656011,-0.39767292274919835
-7.1983696619478925,-1.32125198433322,-0.28855702445751646
11.416621811157764,-2.7040140248816233,-0.9885176836999539
8.176244299490676,3.4047028297100823,-0.9214232236276331
8.064641838721768,-0.28827589986417357,0.0019036114278086762
8.29598438326616,-0.8772001421173147,0.1322547805148243
-5.790613076890448,2.4057531602257347,-0.36146554469453673
-9.56041003385251,2.9561194180671118,-0.1650526048662423
1.679704805110237,-2.7537514255269886,1.853153953896901
6.276498324802646,4.118341503903833,-0.08517149950496773
9.132742916782583,-0.44465944159271187,-0.36378588461621075
0.4587384164145878,-1.6361681836081792,1.8869718588307167
-5.845923748840753,2.9650510248223445,-0.4003516724681039
-6.626421841344151,-2.239499452299566,-0.3047178992119273
6.481953330093188,5.034745118382789,-0.42928717260085225
8.93227161629584,-1.3961124490288883,-0.14967085508056327
-6.6838057586059945,-2.2851815948022107,-0.3709085288958638
2.982598180061636,3.6572952599537567,0.942035065282869
-7.55333715376987,0.6509485258296744,0.02373428665531017
7.034086930737404,2.2563338239726654,-0.19545344513612858
-0.619325983626397,-3.168890455500962,1.2523596606535357
2.072774474874165,3.7207139451229807,1.116475444857723
6.528779625274881,-1.0642251089813208,0.5308003046494265
-5.779621766636581,1.5613334183180745,-0.39104797299409455
9.048768061127786,1.1792431453815626,-0.7840346067031667
-5.362102879403751,-4.647307806859533,-0.36561254249314923
-3.182671836319314,-1.523990254525478,0.8118988414888073
-8.022319064314173,0.1521698820579754,-0.30600179903759833
-9.336013015471167,2.5334561078392723,-0.19329375963651316
-7.42248446811229,-0.83758649349213,-0.2619312829872044
-1.1495196542679424,0.07931850503208533,1.7010377944878847
5.659278870367378,5.8366453746544265,-0.20937839578055661
9.260542198197864,-0.0820921845486263,-0.5682356638205094
-7.065062722923423,-0.7398146243217508,-0.3289713089361923
-1.4991129441628122,0.7505918141944964,0.6559542956833321
-5.816466974062507,-3.830537776818055,-0.3294982197260657
-5.483810330355067,1.333424045746595,0.666755582242828
4.808222318285188,2.2324060485100574,0.606291310156583
11.01624624739746,-1.7022489017072335,-0.9998281408595227
7.308073692073158,1.458607313704801,0.10505010023354913
-6.922642247679758,-1.7375643852783538,-0.25992218246874776
5.331148602867842,-2.10334377249034,0.8494061698770998
-7.5403987073110414,3.096751535916028,0.4373842788336018
-9.048032738557222,2.0053415778784736,-0.22293985231300825
-5.044712643883996,-5.251117276373688,-0.44713707334071245
-4.6871523024167265,-2.8073286249862583,0.20644094565426924
7.000185800086526,3.2777668395162403,-0.41727257022106795
-1.0400062668888177,-3.4916791945926002,-0.590549330891754
7.493745943504203,3.0318045435279073,-0.6860892264967001
7.210109825064491,2.6563193131232614,-0.20350070640834697
-8.935221581231838,1.851958015759168,-0.19648211660042741
9.39156735346076,0.785916763895837,-0.7899429278134484
-0.7242008192273536,1.3501668128167088,1.9157806847940817
2.3244142857993246,1.6341160142333284,1.2152253220035052
-9.112720773705128,2.1541481869327517,-0.23951480506939754
5.054886789077586,-0.14898126143160223,0.6167809830567637
7.818807461509984,-1.1818149799167394,0.16914581820824356
0.9791430441239756,-1.6868171241671819,1.859615175001317
7.886670972776189,1.4986620740370433,-0.22569470906875272
-10.202440110222518,4.079273071804373,-0.218893258579378
8.793281867480982,-3.1579355088168293,0.27006826958101
-5.135690108294799,-5.091362408580739,-0.4215711901004515
5.646327725539972,0.3624949721126344,-0.9282644959852838
10.393831927041127,-1.4670872303131202,-0.8008235434986682
-2.8532236500496277,-1.1110019424433644,-0.5061734505033811
-8.140915360744696,0.46034679103625176,-0.21587547342652108
10.329866485575613,-0.26456890303723946,-1.0378213435755375
0.4660679495606176,-0.6263098844203769,1.8514451052771639
-6.903514632524047,0.8085684292186054,0.14194960438266682
-2.391341728733925,2.085667193543679,-0.5543235334263767
-7.518901567633951,1.1949502034583326,-0.3063648277632192
-7.950379615878678,0.03884892994600421,-0.267137600314107
5.013931203726097,7.038801948862722,-0.20287537117278598
12.424613588095795,-4.996093079459248,-0.9204887621110569
4.254063012215306,-0.463869202290108,1.0239890081384813
1.2651414893067574,-0.19227323756694842,-0.7483685243295696
-6.6956795520190395,-2.2383976755823256,-0.3504730707252051
-6.369964316342433,-0.2476155068219795,0.15970134434739253
7.4073808980655125,-0.3432514139851824,0.37989119557067996
-7.836178039239359,0.011571542858506449,-0.23642261275689547
5.2440207591971575,3.1737090344039234,-0.9101782308440397
-4.95746866426104,-5.306635327271006,-0.4349119131562061
-7.939606838476233,2.124866840530071,-0.2787245876225768
2.926847408807279,-1.7022744747948044,-0.8152775259326244
-10.124719064294677,4.009411995617955,-0.13637787753325112
-7.811414062277363,-0.2258307489903636,-0.2649922777010822
-6.601487232072122,0.9802617008770523,0.3110250836432385
-1.5551343682262084,4.5144437367829,0.03397189334767934
10.602299220489396,-2.4032924545516696,-0.6971588423769797
-9.11354234763514,2.430798085693304,-0.16511344029206376
6.3726657947368475,0.879143433104054,0.46782256275521705
-2.095598452074281,-3.548312322436879,0.14842821621651386
-7.694874942340843,-0.45828661259890674,-0.280523153237324
-0.010009339565858573,-5.204524306371535,1.1687198649307595
-8.784311733415096,2.1859456774283768,-0.13035395968961302
-7.52497184981566,-0.7343415872903624,-0.27004489224899814
8.366672533956478,-0.428029945115018,0.010918154730327099
-0.2220325090549407,0.254489366978193,1.8629020124995839
5.808675663002423,3.534872199821486,0.25684229901966865
-6.654760837461012,-2.2733319741190465,-0.3041688471545146
4.364180030888423,3.2796073317572993,0.6318455623115106
0.48760530489746534,-0.5626954802116871,1.8528834117328083
7.8211721726152055,-1.700537682646012,0.4851534162050193
2.193055363267204,-3.8741723954192757,1.6764233676771156
-8.064151905635642,0.23654274798517003,-0.20680429558810956
-10.135746388758887,4.024397493915137,-0.1552867497750957
-4.385914045336216,-2.3377492826047344,-0.4731679384064485
-6.860189749062017,-1.9703567963082673,-0.2860783183880916
-5.781331960371159,-3.9198223480179406,-0.3922665190427845
8.732073395810689,-1.5596981477516012,0.09654956202248412
6.9735741885485,-2.7497083573666417,0.5662103699729302
4.076236955608031,5.0613022888282,0.6180407821474107
-2.0277123016523273,-2.839980871677076,0.9193144939952145
1.6394116983851146,4.247789463866127,1.1676231410766273
8.691335503557754,-0.38312199157022886,-0.20258196398856726
6.886523317974031,2.35851190418983,-0.09784036061967856
-4.832184430194882,0.4676406361003193,0.8209101647072473
-6.278002094265647,-2.9663440457258097,-0.2834220346919412
3.076508886130904,5.649473341011276,0.28981692028966305
-4.077859964937588,-6.920662249157896,-0.4568085316790437
1.7739299044437624,-2.9755918430503985,1.768398589949376
5.082819383913656,5.050401561199992,0.02319189855702697
-8.69466749723715,1.3953972725766992,-0.2211375431515459
-8.79677739843186,1.5708126737337325,-0.1936347149819653
10.111973454760447,-1.2943754273344679,-0.6057225697127864
0.4362995500593183,2.764911140426467,1.5854313670289146
6.957198667020507,5.203241445859112,-0.710130945643697
-9.43863723517976,2.7991835603937076,-0.1358808155661482
7.561065265795345,-0.13737735577054505,0.3909565510589238
-7.320397448675584,-1.0126922470950512,-0.2663317372344647
0.7356849507219468,-5.531295502820169,1.121043708584992
4.856541619553246,7.0851170466013285,-0.13120690179408384
4.120289614344825,-8.04196354029027,1.6534259058194047
2.2571940076494785,-1.2539608325819886,1.5822554900304056
-8.729432345535214,1.421177315618394,-0.22574350740705593
-5.045156863612103,1.1690677769652222,0.7988749532257449
-7.335583043055603,-1.0496272108710571,-0.2519263864325492
-2.4822340130206,0.844106932433319,1.517691223455751
9.65446308587154,-2.6545698621270266,-0.04172060591340024
-6.967408534904882,-1.7308386939263178,-0.3374356755161327
8.453389655854567,1.4356370642809937,-1.0289782005019763
-7.003106227913415,1.3351845642547355,0.31228131501976314
7.676624003406403,2.601522703559893,-0.5000956117741707
8.400788735166493,-1.2546189985623226,0.27740664521173203
11.003178023002034,-5.576425948926068,-0.010314586946042354
6.375402162872432,4.0390008483820665,-0.46285918621683514
-3.8010681346423443,5.131860924624945,2.040938380372506
9.72935735206808,0.5064547447703242,-0.9244505505561776
1.178910149815352,2.2558103064820867,1.091166099554993
7.757740687752295,-1.4891940197057218,0.31019132175863245
-7.066596078367665,-1.5424407578946255,-0.3042676018515772
-4.463496824034291,-6.330140838172629,-0.526847158091638
10.568197793356662,-1.9163451307890986,-0.6878970312734977
6.253457166841362,-2.1230825696485893,0.7840739827009581
2.0408112579270568,2.9953962481804712,0.9825255823546326
-6.926982777719356,-1.785522498415844,-0.2761386231060872
7.895329430603893,2.952057650841724,-0.5862766307096532
5.86399946339264,2.0832885844060245,0.5230554048027585
7.642311448763606,0.3882078679863074,0.2505133065897683
-7.749570967600726,-0.27106724298691875,-0.24251685027920666
-10.456414614273577,4.602443407738137,-0.11279247536094025
-10.726394266613216,5.042124017011992,-0.13250592680989806
-4.354003793572589,3.076246930612398,-0.49525086504921423
-6.486731237451597,-2.5311909359627904,-0.30764847955120117
-2.1318042166516094,4.4259547835864765,1.9639021778591539
-7.009855220686059,-1.652166745775554,-0.3193338293008046
-0.7913218438177245,3.0189978852630803,1.7578841914610208
-7.857055295319563,-0.1231562142928745,-0.24627624979933951
6.229507369808689,4.778464357678266,-0.3456683332609689
3.0360417652005434,2.1662999937648078,-0.7656294643580408
-7.718180906244053,-0.34003532703300215,-0.23743546934693738
8.80922624426553,-0.9060815487464836,-0.11690624298392045
-4.590240726895175,-5.985381052706056,-0.4442302703415519
-5.018817285023256,-5.231667192587651,-0.36762117954993656
12.088312038199934,-7.612376191120063,-0.4704827147869767
-9.783363467710894,3.402734623960945,-0.13696698050984668
8.274356921925879,1.511149434286327,-0.42935804670273026
8.121303934888179,-4.24395694627435,0.5699784386498389
3.6097612095519445,3.515682244731307,0.8110933357782941
9.356405835395533,-0.912105772394465,-0.35200229407553957
0.7589618726825141,-2.4789982778615833,1.8058258624944015
-6.969144764212588,-1.7383829795155257,-0.28934543227821885
-0.9394619867688971,-1.510186952042705,-0.6106834172309882
-7.180766144008461,-1.32551297959932,-0.28084341830285836
8.324414361076043,0.16976927592154764,-0.08973148502288122
0.65730346940098,-3.6665481392749677,1.7145475238365977
1.149579668166616,3.3362779387978745,-0.6701116594432609
2.9050732373175037,2.468090369217651,0.8248151649596813
-8.554677277187514,1.1298123643875684,-0.22245393662407567
-3.784208955418823,-7.369645439711531,-0.446594439755648
-7.964590924766925,0.15863308566057846,-0.34331851051773166
-4.48656407414039,-6.19857629464859,-0.4521580909006967
7.986778936026782,1.3518558590383731,-0.33580355723203387
-9.123530960625514,2.1662159405834136,-0.2210312816924313
-8.726584283169068,1.4793149785085422,-0.23245146853607931
8.283203104528926,2.9231348900585656,-0.8341789658117454
-6.78669401096843,-2.0674421200203112,-0.320234669370189
-3.677688538722812,1.8215473433394633,-0.5225959889939246
3.420317925924175,-2.9507069353867315,1.4284677575183644
-6.576007791488581,-2.4370250998141594,-0.34770220600816615
9.416093581961908,-0.8699233928670802,-0.36137744121881304
7.828152904570844,1.6942846674345804,-0.3532178337366396
-8.30053246133082,0.6677120095218049,-0.2554628025699406
-6.548863317720163,-2.297513193754416,-0.29389128678144794
11.317875487920357,-2.578201110490263,-0.9921885108160327
-2.2387310360168633,-2.226996367572688,-0.5489039037271026
-4.314370433297698,0.8860516117305084,1.0365078054738084
-10.890714851523741,5.361155230183696,-0.10563503436274337
10.254796148924774,-0.7533238884663137,-0.9119358118567006
6.02600622706163,1.4223141844340605,0.023075456346382545
8.342114579257382,-2.9002836680665327,-1.0097998073931853
-7.464418839768239,-0.8656527115066747,-0.26590608351651657
-7.257515398750122,-1.1836482818311214,-0.2363098917063263
-6.212177314865971,-3.115891530650454,-0.34188742976645004
9.69906279498767,-2.094642210836661,-0.24856181378234987
7.079790690257834,-3.2353373218095474,0.39009968927937916
-7.30191206639288,-1.119911051148725,-0.21718554475452137
-0.9368798186290003,-4.66566281638054,-0.619953037633106
-6.225723598073238,-3.0516385379991453,-0.2562553005423604
0.12832894214013532,-0.28998662401450204,1.8595269105163725
5.7167759994053435,2.143791723739954,0.5339018392483946
-5.869336782038981,-3.747736407271021,-0.35194628200177985
-0.08340489950375748,-5.641997202329681,1.0522986679939899
0.166105312168493,-0.445005920027816,1.7727549559356666
-9.807693577017947,3.4450240102841274,-0.16949827123306865
-1.0416977478752114,-5.480299646979833,0.7756513010543241
-7.140834764929134,3.9765565618371577,0.7996916725433166
7.972670551890228,-0.6009820583816151,0.24633078642581804
8.242919205344844,1.212057313850566,-0.33254190820968815
-7.377490871294805,-0.9803297779763916,-0.3235203800259408
5.405236060918372,1.4736644426594245,0.5391881779625655
-4.701186505641109,-5.859492508030007,-0.3625029828111638
-9.766436066144186,3.304410152598021,-0.18134780500784067
7.668383283032365,3.3117363601336303,-0.6592024706119146
1.0568984332429543,-1.1090925962425977,1.8275929749958701
-7.399540065079893,-0.9876333369903908,-0.3155073303665534
8.91488461852191,0.7876928145283602,-0.6638215787637561
7.266522002119608,0.1977692631027127,0.44150444269901806
8.58796490428144,-1.9746581625917727,0.32527298207804084
-9.115035227258382,2.1180678460848585,-0.22489682132495403
-7.916228576398212,-0.006186537699041245,-0.27007231449097346
-5.1560737329926365,-4.902771212262896,-0.38372982800149547
10.10416076232011,0.19420697060310593,-1.022359014841042
2.9859477396146543,-3.122085728267723,1.6127863903653392
-8.053096566875336,0.21065659538392195,-0.25347242434336414
-6.583135861082326,2.098657635456687,0.5472381488247896
5.704511367328408,4.1794752916185,0.1878191197277825
10.098424878451773,0.1732871953893385,-1.016619510417121
6.976733135501575,1.0130573826213152,0.391599289305187
4.994965486428357,2.8557992416582048,-0.8462184845071453
-7.204911001410016,-1.3316013890623288,-0.36116599843636304
8.025199647231519,3.2176721188903707,-0.7867863971278127
8.749839827583273,-2.090158444332261,0.2406858684051686
-9.330601120273846,2.5408504824329534,-0.1860772960399962
3.8255428434541363,-2.0739477535237985,-0.8253933792790176
4.450374103891305,-3.1283076229416533,1.2121066522105481
-7.61330074657749,-0.5990055456492794,-0.27468467052747564
-10.473378647372416,4.60385891735577,-0.137625282658455
-5.189241424628016,0.755435605671681,-0.42486958121421514
-2.485462038002619,-3.101368023508684,-0.5476512665973234
9.527191651997022,-1.750538918425703,-0.25536320578844107
6.789097072477912,-2.946284017878,-0.8989841383873944
10.702086641051443,-3.15163516092103,-0.4651888057959453
-5.693849545049489,-4.050575638852773,-0.35391639960776294
9.488094665414652,-1.2058819183486844,-0.3786395738583255
-6.6215198864461815,-2.3564734600830026,-0.34540543042362604
-8.401444497676819,6.160217165655706,-0.2761943501455521
-5.885592769299319,-3.6380110276734636,-0.37779843041011635
-7.367260386347259,-0.9924514428116397,-0.31940230897981864
5.048390465314824,4.171620896217137,-0.8415016363983381
-7.505951264736658,-0.7771421416196981,-0.2872654978730196
3.366550872159839,-1.4105753550474216,1.3341505674187701
-7.807984894414113,-0.2318467055600141,-0.2393707645713781
-5.785112983545861,-3.8431346925605165,-0.33474737488209083
13.56056420809954,-6.389615499005106,-1.066188509302326
-8.633093577402974,1.287050902412286,-0.1968222371542777
-8.880643542422984,2.408371812989514,-0.08867953165656577
8.816529134943602,-2.3789962602881936,0.3191698311914239
9.585896295306682,-2.6651650572521817,-0.3032192423430021
5.652572263254397,-0.5629780053753568,0.6587525805462999
9.399833476745547,-1.010267099733258,-0.478935128893632
1.1016799435036173,2.0460293045156055,1.480648899556907
-6.880818903921571,-1.8296148421179508,-0.37707921032388675
8.223214178360662,2.079400146830869,-0.6713042366886842
9.138246863858932,-5.468105404759592,0.4207024862540952
-9.107820526038017,2.1493590403099905,-0.21652658651652976
6.479943443071447,0.9066754573489998,-0.10924841499195441
-2.322943183866652,4.1900611207921035,-0.5531774350694307
-8.44237948853634,0.9816049762873197,-0.21446063434481638
6.796252742569089,0.8353200871334088,0.3117750818532609
-7.6949714289820745,-0.38599768761411274,-0.267654987816591
4.240728190589929,5.6241622083758225,0.5444325514159072
8.276785809090358,-1.7599536389913648,0.4381942326285509
10.34231459292231,-1.316953762613044,-0.739205769850201
-2.0202045615259983,-2.8457702395049704,0.9338412097421589
9.485469453915744,-0.5157213202700187,-0.6150822878916952
11.331613763954788,-2.398038696014552,-1.0224176925757977
8.005694764984796,3.4224062705716416,-0.8124070299003954
-9.232126326445936,2.395848718312474,-0.18278834610065275
3.9267928201025377,4.32687583651711,0.6322255357192695
0.7842405879990237,-2.823440014689831,1.8779254873899343
6.901086188215062,4.633367311171059,-0.5653789288271885
-6.516148422908196,-2.458432744100185,-0.3517475476742658
3.7097775934279764,-2.336759030896549,1.3056617008444429
-8.285744801491031,0.687275255561509,-0.22064752166141133
-9.14101004863097,2.1801097572594914,-0.27505450634863593
2.2782393429395946,-2.5527538422363176,1.7125569952536974
9.56417409834469,-1.5269314159979872,-0.3127531122187843
-9.226123903527942,2.3788536051106832,-0.17381916560025518
-7.868637482475327,-0.08631185447469165,-0.20065716272569875
5.9174959343362525,5.286621710418037,-0.3063843691697055
10.126991760653642,-1.7215975151056342,-0.6802487231845922
-5.56611949915685,3.51556567339722,-0.4057094117947108
8.826416554722885,-0.48589935823003905,-0.24890475548791807
-5.445011338490447,1.2481872773638565,0.7372602302149985
-10.942743789769752,5.457458474261485,-0.10546108552892888
-8.50468774513114,1.0246318399727379,-0.2632221346939299
-7.1774479920947405,-1.3287928802690263,-0.3174223887848405
7.000813095432626,2.5852629320476948,-0.2930363061079179
-2.8557409933588827,-9.047668885387635,-0.4918167559663567
7.4421739891127325,4.505319597657466,-0.7914842624443209
-0.6664481470797051,5.0727717524326685,1.56135321198127
-6.921858908378578,-1.8446566904868678,-0.3320610172029869
-7.6732004755645455,-0.4768694232929448,-0.25528861763100935
-7.764848741026334,-0.3086383329196859,-0.30846726455565193
-7.9538728450177025,0.04980283468863763,-0.2896379436008211
3.657101284215956,5.999044731763295,0.6002789021622076
10.09666743039096,-1.1408514022643406,-0.6960490983306895
0.9413605704729764,2.588433825347884,1.4186720101107198
10.311445267411013,-5.443542843738945,0.2948909940506321
6.727095635031356,-0.012189801243919504,0.49485956463723396
-8.151855463022335,0.4085574938795519,-0.24830800011630808
5.764990729246209,1.5517529711707547,0.5667409987783834
1.83191472355127,-3.380710555847112,-0.7384378929914381
-3.927513262062722,-2.7023722300488378,0.45892375370373595
0.1839211828876786,-0.6660884190228631,-0.6267170232029396
-3.5669248156389335,-7.805914810468042,-0.5178132655408058
-4.589043983816905,-6.02543536409528,-0.44204953569257754
9.011839569910192,1.3713277543776867,-0.8177882040704078
1.3450065590070799,-3.2573333917000658,1.7632286120793101
0.19753010919823139,-1.0667781036124593,1.9411258558222517
-3.5452021727310497,4.87320686555583,2.0516060280250814
9.483568230575093,-0.23727526149935557,-0.6177915002731991
6.168359480224732,6.205706752289242,-0.6014332915028703
-4.956388392536117,-2.714165807055449,-0.3862649937031732
